id,first_name,last_name,email,gender,ip_address
1,Jenine,Creffield,jcreffield0@jigsy.com,Female,195.129.195.2
2,Siffre,Getsham,sgetsham1@vimeo.com,Male,45.117.181.126
3,Lida,Riseborough,lriseborough2@goo.gl,Female,230.100.1.186
4,Scarlet,Glastonbury,sglastonbury3@hubpages.com,Female,16.116.145.72
5,Ase,Knatt,aknatt4@cdbaby.com,Male,247.5.201.187
6,Florian,Woolfenden,fwoolfenden5@lycos.com,Male,60.83.229.206
7,Vin,Thoresby,vthoresby6@spotify.com,Male,249.95.145.219
8,Bordie,Paulino,bpaulino7@godaddy.com,Male,49.140.38.176
9,Zachery,Germaine,zgermaine8@timesonline.co.uk,Male,123.61.15.243
10,Jaye,Bartaletti,jbartaletti9@angelfire.com,Male,162.48.122.190
